Company Name,Search Query,URL,Title,Description,Domain,LinkedIn,Type,Custom Query,GL
Wholesale Seafood and Fish Supplier,seafood distributor OR restaurant supplier OR wholesale seafood buyer site:.com,https://www.a1cashandcarry.com/collections/seafood-supplier-fish-shrimps?srsltid=AfmBOoq8oGXHOdXI3EVxUcwdMmDeMpyqXD2p4sAGNYxyKpKbJdWkdAl0,Wholesale Seafood and Fish Supplier | Fresh Distributor in Canada,"A1 Cash and Carry supplies wholesale seafood and fish in Canada. You can find fillets, shrimps, basa, sole, cod, haddock, salmons, ...",a1cashandcarry.com,,general_search,seafood distributor OR restaurant supplier OR wholesale seafood buyer site:.com,us
Seacore Seafood Inc.,seafood distributor OR restaurant supplier OR wholesale seafood buyer site:.com,https://www.seacoreseafood.com/,Seacore Seafood Inc. | Seafood Supplier | Seafood Distributor | a ...,"We buy direct from the source in order to control all aspects of our fresh fish and fresh seafood and frozen fish and frozen seafood products. Quality, Variety ...",seacoreseafood.com,,general_search,seafood distributor OR restaurant supplier OR wholesale seafood buyer site:.com,us
the seafood wholesale distributor you're searching for!,seafood distributor OR restaurant supplier OR wholesale seafood buyer site:.com,https://www.northcoastseafoods.com/pages/wholesale-seafood-distributors?srsltid=AfmBOopdgXeB7O0jLm1sM09GMw9GyES5-0KqlLmr6gyVrjSjIH4jv2b-,the seafood wholesale distributor you're searching for!,"We offer a comprehensive line of premium fresh and frozen finfish, crab meat, shellfish, and value-added seafood.",northcoastseafoods.com,,general_search,seafood distributor OR restaurant supplier OR wholesale seafood buyer site:.com,us
Seafood Distribution and 2 Seafood Distribution Channels,seafood distributor OR restaurant supplier OR wholesale seafood buyer site:.com,https://www.bluecart.com/blog/seafood-distribution,Seafood Distribution and 2 Seafood Distribution Channels - BlueCart,"Your seafood buyers will vary based on the products you sell. These include fresh or frozen seafood, fin-fish, shellfish, and wholesale options. They may also ...",bluecart.com,,general_search,seafood distributor OR restaurant supplier OR wholesale seafood buyer site:.com,us
North Coast Seafoods: Wholesale Seafood Online,seafood distributor OR restaurant supplier OR wholesale seafood buyer site:.com,https://www.northcoastseafoods.com/?srsltid=AfmBOoruhXL1VeEfUjs7CSwaAQ0wVOZFS-kX22pI58tGr472ShicmBYb,North Coast Seafoods: Wholesale Seafood Online,"North Coast Seafoods is a Boston MA-based company committed to providing the highest quality, sustainable, wholesale seafood online. Shop today!",northcoastseafoods.com,,general_search,seafood distributor OR restaurant supplier OR wholesale seafood buyer site:.com,us
Sysco,seafood distributor OR restaurant supplier OR wholesale seafood buyer site:.com,https://www.sysco.com/,Sysco | Wholesale Restaurant Food Distributor,"Sysco delivers exceptional produce, custom cuts of meat, high-quality seafood, and imported foods offering global flavors.",sysco.com,,general_search,seafood distributor OR restaurant supplier OR wholesale seafood buyer site:.com,us
Oceanfood Sales Ltd.,seafood distributor OR restaurant supplier OR wholesale seafood buyer site:.com,https://oceanfoods.com/,Oceanfood Sales Ltd. | Canadian Seafood Supplier & Wholesaler,"Oceanfood Sales is committed to providing Canadians with quality seafood. We supply sustainable products to retailers, restaurants & food manufacturers.",oceanfoods.com,,general_search,seafood distributor OR restaurant supplier OR wholesale seafood buyer site:.com,us
Misty Harbour Seafood,seafood distributor OR restaurant supplier OR wholesale seafood buyer site:.com,https://www.mistyharbourseafood.com/,Misty Harbour Seafood,"We are a retail and wholesale business providing fresh seafood from local fishermen available for purchase online, in our storefront, curbside pick up or ...",mistyharbourseafood.com,,general_search,seafood distributor OR restaurant supplier OR wholesale seafood buyer site:.com,us
Maximum Seafood,seafood distributor OR restaurant supplier OR wholesale seafood buyer site:.com,https://www.maximumseafood.com/,Maximum Seafood,"Maximum Seafood offers retailers an full range of live, fresh, value-added and frozen seafood products - all delivered to your door 7 days a week.",maximumseafood.com,,general_search,seafood distributor OR restaurant supplier OR wholesale seafood buyer site:.com,us
Caribbean Wholesale Seafood Distributors,seafood distributor OR restaurant supplier OR wholesale seafood buyer site:.com,https://www.merchantsmarket.com/seafood/,Caribbean Wholesale Seafood Distributors - Merchants Market,Looking for fresh seafood distributors? Our wholesale seafood distributors offer delicious and affordable seafood from reliable sources. Contact us now!,merchantsmarket.com,,general_search,seafood distributor OR restaurant supplier OR wholesale seafood buyer site:.com,us
Sea,seafood distributor OR restaurant supplier OR wholesale seafood buyer site:.com,https://searayseafood.com/,Sea-Ray Seafood: Fish & Seafood Importers in Canada,"We are Canadian seafood suppliers based in Montreal, Quebec. We import container loads of frozen fish & seafood from all over the world, and wholesale to ...",searayseafood.com,,general_search,seafood distributor OR restaurant supplier OR wholesale seafood buyer site:.com,us
Kaufmann Seafood,seafood distributor OR restaurant supplier OR wholesale seafood buyer site:.com,https://kaufmannseafood.com/,Kaufmann Seafood - Ottawa's Go-To Seafood Supplier,"Kaufmann Seafood provides fresh, frozen, shelled, sushi or portioned seafood in any size to grocery stores, restaurants, conference centres and the public.",kaufmannseafood.com,,general_search,seafood distributor OR restaurant supplier OR wholesale seafood buyer site:.com,us
Frozen Seafood Distributor,seafood distributor OR restaurant supplier OR wholesale seafood buyer site:.com,https://www.quirchfoods.com/products/seafood/,Frozen Seafood Distributor | Quality Wholesale Seafood Products,"Our expert seafood buyers work directly with plants around the world to source both wild-caught and farm-raised seafood of all types. As a trusted distributor, ...",quirchfoods.com,,general_search,seafood distributor OR restaurant supplier OR wholesale seafood buyer site:.com,us
Seacore Seafood Inc.,seafood distributor OR restaurant supplier OR wholesale seafood buyer site:.com,https://bestfoodimporters.com/company/seacore-seafood-inc/,Seacore Seafood Inc. - Best Food Importers,"A FRESH CATCH® is a direct importer of sustainable seafood, offering hundreds of eco-friendly choices sourced from around the world since 1987.",bestfoodimporters.com,,general_search,seafood distributor OR restaurant supplier OR wholesale seafood buyer site:.com,us
Smokey Bay Seafood,seafood distributor OR restaurant supplier OR wholesale seafood buyer site:.com,https://smokeybay.com/home/,Smokey Bay Seafood | Buy Wholesale Seafood from Canada & the ...,Smokey Bay provides premium-quality seafood that's not only delicious but also produced with the highest standards of sustainability and food safety.,smokeybay.com,,general_search,seafood distributor OR restaurant supplier OR wholesale seafood buyer site:.com,us
Official Website,seafood distributor OR restaurant supplier OR wholesale seafood buyer site:.com,https://newportfishimporters.com/,Official Website | Newport Fish Importers | Fish & Seafood Market,Newport Fish Importers is an over 20-year-old family business supplying Toronto with some of the world's best and most rare fish and seafood.,newportfishimporters.com,,general_search,seafood distributor OR restaurant supplier OR wholesale seafood buyer site:.com,us
Diana's Seafood,seafood distributor OR restaurant supplier OR wholesale seafood buyer site:.com,https://www.dianasseafood.com/,Diana's Seafood,"We're a Canadian, family-run company that believes in seafood the way it should be — High-quality, responsibly sourced, and real, nourishing whole food.",dianasseafood.com,,general_search,seafood distributor OR restaurant supplier OR wholesale seafood buyer site:.com,us
Seafood Wholesales: Top 3 Places to Get Seafood Vendors,seafood distributor OR restaurant supplier OR wholesale seafood buyer site:.com,https://www.bluecart.com/blog/wholesale-seafood-vendors,Seafood Wholesales: Top 3 Places to Get Seafood Vendors - BlueCart,Do you need help finding restaurant seafood supplies and wholesale seafood vendors? Get expert tips on where to find seafood wholesales here.,bluecart.com,,general_search,seafood distributor OR restaurant supplier OR wholesale seafood buyer site:.com,us
East Coast Seafood Company: Worldwide Seafood Leader,seafood distributor OR restaurant supplier OR wholesale seafood buyer site:.com,https://eastcoastseafoodgroup.com/,East Coast Seafood Company: Worldwide Seafood Leader,"East Coast Seafood is a global leader in Lobster, Scallops, Snow Crab and Cold-Water Shrimp for food service, with a full line of innovative retail products.",eastcoastseafoodgroup.com,,general_search,seafood distributor OR restaurant supplier OR wholesale seafood buyer site:.com,us
Angel Seafood,seafood distributor OR restaurant supplier OR wholesale seafood buyer site:.com,http://www.angelseafoods.com/,Angel Seafood,"Angel Seafoods has been delivering fresh seafood across Canada since 1986. As a family-run business in its 3rd generation, we continue to uphold our passion ...",angelseafoods.com,,general_search,seafood distributor OR restaurant supplier OR wholesale seafood buyer site:.com,us
Order Wholesale Seafood for Your Restaurant or Business,seafood distributor OR restaurant supplier OR wholesale seafood buyer site:.com,https://fathomseafood.com/blogs/news/order-wholesale-seafood-for-your-restaurant-or-business,Order Wholesale Seafood for Your Restaurant or Business,Fathom Seafood is a world leader in wholesale distribution. We supply more than 20 wholesale customers worldwide and are growing fast.,fathomseafood.com,,general_search,seafood distributor OR restaurant supplier OR wholesale seafood buyer site:.com,us
TFI Foods Ltd.,seafood distributor OR restaurant supplier OR wholesale seafood buyer site:.com,https://www.tfifoods.com/,TFI Foods Ltd. | Frozen Seafood & Grocery Importer,TFI Foods has developed into one of the leading seafood importers in North America. We have used our expertise to build a vast network of trusted suppliers.,tfifoods.com,,general_search,seafood distributor OR restaurant supplier OR wholesale seafood buyer site:.com,us
True North Seafood,seafood distributor OR restaurant supplier OR wholesale seafood buyer site:.com,https://shop.truenorthseafood.com/?srsltid=AfmBOoo_v9c0Vp1FSAvX_dvNCcHhb8G5Babc2Tdp_OUaVhkRROqr4qnw,True North Seafood - Atlantic Canada Seafood,"Choose your combination of fresh & frozen seafood, or choose a pre-made box for a selection. Most of our seafood is sold by the pound, but some are per each.",shop.truenorthseafood.com,,general_search,seafood distributor OR restaurant supplier OR wholesale seafood buyer site:.com,us
Daily Seafood,seafood distributor OR restaurant supplier OR wholesale seafood buyer site:.com,https://daily-seafood.freshlinemarket.com/,Daily Seafood,"Restaurant quality fresh seafood delivered to your door. Salmon, Lobster, Tuna, Scallops, Oyster, Crab, Octopus and more with next-day delivery to your ...",daily-seafood.freshlinemarket.com,,general_search,seafood distributor OR restaurant supplier OR wholesale seafood buyer site:.com,us
"Sustainably Caught Canadian Seafood, Straight From The Source",seafood distributor OR restaurant supplier OR wholesale seafood buyer site:.com,https://skipperotto.com/,"Sustainably Caught Canadian Seafood, Straight From The Source","We make it easy for you to enjoy high-quality, sustainably caught seafood while supporting small-scale, independent Canadian fishing families.",skipperotto.com,,general_search,seafood distributor OR restaurant supplier OR wholesale seafood buyer site:.com,us
Fish Online,seafood distributor OR restaurant supplier OR wholesale seafood buyer site:.com,https://organicocean.com/?srsltid=AfmBOoqdjvMo5317QSEHeYpskGUkidQRSOCg-KQIlO_DkFFQQDiXoG08,Fish Online | Fresh Seafood At Your Doorstep | Organic Ocean,"Get fresh-caught seafood and fish online from Organic Ocean, the best seafood distributor in Canada! Choose your Organic Ocean seafood and buy fish online ...",organicocean.com,,general_search,seafood distributor OR restaurant supplier OR wholesale seafood buyer site:.com,us
Wholesale Seafood Distributor,seafood distributor OR restaurant supplier OR wholesale seafood buyer site:.com,https://oceanseafood.com/,Wholesale Seafood Distributor - Ocean Seafood Depot - Homepage,"We work directly with supermarket buyers to keep their counters well-stocked with the best seafood, delivered on time. Hotels. Ocean Seafood Depot is a ...",oceanseafood.com,,general_search,seafood distributor OR restaurant supplier OR wholesale seafood buyer site:.com,us
International Seafood And Bait Ltd.,seafood distributor OR restaurant supplier OR wholesale seafood buyer site:.com,https://bestfoodimporters.com/company/international-seafood-and-bait-ltd/,International Seafood And Bait Ltd. - Best Food Importers,International Seafood & Bait is a top-quality seafood and bait distributor with over 50 years of experience in the fishing industry.,bestfoodimporters.com,,general_search,seafood distributor OR restaurant supplier OR wholesale seafood buyer site:.com,us
Fish's Wholesale: Restaurant Quality Seafood,seafood distributor OR restaurant supplier OR wholesale seafood buyer site:.com,https://fishswholesale.com/,Fish's Wholesale: Restaurant Quality Seafood | Always Fresh,Fish's offers the highest quality fresh and frozen seafood to customers of all sizes. Privately held and founded in 2009.,fishswholesale.com,,general_search,seafood distributor OR restaurant supplier OR wholesale seafood buyer site:.com,us
Netuno USA,seafood distributor OR restaurant supplier OR wholesale seafood buyer site:.com,https://netunousa.com/,Netuno USA | Seafood Wholesale Distributor,"NETUNO USA is a seafood wholesale distributor & importer supplying wholesale, food service, and retail distributors on four continents.",netunousa.com,,general_search,seafood distributor OR restaurant supplier OR wholesale seafood buyer site:.com,us
Buy Fish and Seafood Wholesale Prices — YORSO,seafood distributor OR restaurant supplier OR wholesale seafood buyer site:.com,https://yorso.com/,Buy Fish and Seafood Wholesale Prices — YORSO,Buy fish and seafood in bulk securely directly from suppliers at wholesale prices. The ultimate app for fish and seafood market worldwide.,yorso.com,,general_search,seafood distributor OR restaurant supplier OR wholesale seafood buyer site:.com,us
Montreal Fish,seafood distributor OR restaurant supplier OR wholesale seafood buyer site:.com,http://www.mtlfish.com/,Montreal Fish - Import & Export Fish and Seafood since 1993,"Montreal Fish provides its wholesale, distribution, and retail clients with reliable and international salmon distribution, complemented by a diversified ...",mtlfish.com,,general_search,seafood distributor OR restaurant supplier OR wholesale seafood buyer site:.com,us
How to Source Best Seafood Restaurant Suppliers,seafood distributor OR restaurant supplier OR wholesale seafood buyer site:.com,https://panapesca.com/blog/how-to-source-the-best-seafood-restaurant-suppliers/,How to Source Best Seafood Restaurant Suppliers | PanaPesca,How to Source the Best Seafood Restaurant Suppliers · Establish Your Food Budget · Decide between Fresh and Frozen Seafood · Find a Flexible Wholesale Food ...,panapesca.com,,general_search,seafood distributor OR restaurant supplier OR wholesale seafood buyer site:.com,us
Daily Seafood Inc.,seafood distributor OR restaurant supplier OR wholesale seafood buyer site:.com,https://fishchoice.com/business/daily-seafood-inc-0,Daily Seafood Inc. - FishChoice,Daily Seafood is one of the top wholesale seafood distributors for hotels and restaurants around the GTA.,fishchoice.com,,general_search,seafood distributor OR restaurant supplier OR wholesale seafood buyer site:.com,us
Buy Seafood online and delivered to your home or workplace ...,seafood distributor OR restaurant supplier OR wholesale seafood buyer site:.com,https://seafood-online-ca.myshopify.com/,Buy Seafood online and delivered to your home or workplace ...,"Buy Seafood online and delivered to your home, workplace or office. Fresh and frozen seafood shop, buy seafood online, seafood delivered online, fish shop.",seafood-online-ca.myshopify.com,,general_search,seafood distributor OR restaurant supplier OR wholesale seafood buyer site:.com,us
Lagoon Seafood,seafood distributor OR restaurant supplier OR wholesale seafood buyer site:.com,https://lagoonseafood.com/,Lagoon Seafood | Fruits de mer,We boast a diverse portfolio of over 500 premium seafood products sourced from the pristine waters of Canada and beyond. From succulent Atlantic lobster to ...,lagoonseafood.com,,general_search,seafood distributor OR restaurant supplier OR wholesale seafood buyer site:.com,us
WHOLESALE,seafood distributor OR restaurant supplier OR wholesale seafood buyer site:.com,https://youngslobster.com/wholesale/,WHOLESALE - Young's Lobster Company Inc.,"We acquire our seafood directly from fishermen on the water, at buying stations, or wharf-side — hours or even minutes after the seafood has been caught. At ...",youngslobster.com,,general_search,seafood distributor OR restaurant supplier OR wholesale seafood buyer site:.com,us
Sam Rust Seafood,seafood distributor OR restaurant supplier OR wholesale seafood buyer site:.com,https://samrust.com/,Sam Rust Seafood - Wholesale Supplier of Superior Quality Seafood,"Sam Rust Seafood. Since 1938, Sam Rust Seafood has built its reputation as a quality focused, family-owned wholesale seafood processor & distributor.",samrust.com,,general_search,seafood distributor OR restaurant supplier OR wholesale seafood buyer site:.com,us
Sysco Canada,seafood distributor OR restaurant supplier OR wholesale seafood buyer site:.com,http://tannisfood.com/,"Sysco Canada - Food Service, Distributors & Wholesalers","Foodservice Distributor. Sysco supplies the greatest selection of fresh produce, meat, seafood and all essential supplies for restaurants, lodging ...",tannisfood.com,,general_search,seafood distributor OR restaurant supplier OR wholesale seafood buyer site:.com,us
Our Companies and Brands,seafood distributor OR restaurant supplier OR wholesale seafood buyer site:.com,https://www.seacoreseafood.com/about/our-companies-and-brands,Our Companies and Brands - Seacore Seafood,"Fisherman's Depot was established in 1997 to service the retail and wholesale seafood distributor market. With its experienced buyers, Fisherman's Depot ...",seacoreseafood.com,,general_search,seafood distributor OR restaurant supplier OR wholesale seafood buyer site:.com,us
Home,seafood distributor OR restaurant supplier OR wholesale seafood buyer site:.com,https://moreys.com/,Home | Morey's Fine Fish & Seafood,The beauty of Morey's Seafood is that our flavors are carefully crafted so you can create a five-star dinner at home any night of the week.,moreys.com,,general_search,seafood distributor OR restaurant supplier OR wholesale seafood buyer site:.com,us
Frugé Seafood,seafood distributor OR restaurant supplier OR wholesale seafood buyer site:.com,https://frugeseafood.com/,"Frugé Seafood - Simple, Fresh and Delivered",The best wholesale seafood provider for serious professionals who want to simply order fresh seafood and expect it to come that way.,frugeseafood.com,,general_search,seafood distributor OR restaurant supplier OR wholesale seafood buyer site:.com,us
Pacific Seafood: Home,seafood distributor OR restaurant supplier OR wholesale seafood buyer site:.com,https://www.pacificseafood.com/,Pacific Seafood: Home,"Pacific Seafood started in 1941 as a retail store on Powell Blvd. in Portland, OR. It was the vision of Frank Dulcich Sr. and his son Dominic to provide ...",pacificseafood.com,,general_search,seafood distributor OR restaurant supplier OR wholesale seafood buyer site:.com,us
Bulk Seafood,seafood distributor OR restaurant supplier OR wholesale seafood buyer site:.com,https://www.webstaurantstore.com/55193/seafood.html?srsltid=AfmBOorIj9zuOUm752F413j9YeC73l-d1Wq9JhrIR_nJDwZuopAHoArG,Bulk Seafood - Webstaurant Store,"Shop for wholesale seafood at WebstaurantStore - fish, shellfish, crab, lobster & more! WebstaurantStore is your #1 bulk food supplier!",webstaurantstore.com,,general_search,seafood distributor OR restaurant supplier OR wholesale seafood buyer site:.com,us
Riviera Seafood Club: Fresh. Seafood. Delivered.,seafood distributor OR restaurant supplier OR wholesale seafood buyer site:.com,https://rivieraseafoodclub.com/?srsltid=AfmBOorTHZrGj1DGs3E4ZE26VQBfJqu_nTF4vg_Bfx8geVNRoEyERLoM,Riviera Seafood Club: Fresh. Seafood. Delivered.,Avoid grocery store checkout lines and get FRESH seafood delivered to your door! FREE 48 HOUR SHIPPING WITH THE PURCHASE OF $175 ($125 in California),rivieraseafoodclub.com,,general_search,seafood distributor OR restaurant supplier OR wholesale seafood buyer site:.com,us
Seafood,seafood distributor OR restaurant supplier OR wholesale seafood buyer site:.com,https://www.marxfoods.com/seafood,Seafood - Marx Foods,Either product allows you to create a restaurant-quality experience right in your own kitchen. ... What to Know When Buying Wholesale Meats & Bulk Seafood Online.,marxfoods.com,,general_search,seafood distributor OR restaurant supplier OR wholesale seafood buyer site:.com,us
BMC Seafoods Ltd,seafood distributor OR restaurant supplier OR wholesale seafood buyer site:.com,http://www.bmcseafoods.com/,BMC Seafoods Ltd | Meteghan Nova Scotia – Premium Quality Nova ...,It is from here we've built one of the largest lobster wholesale and export operations in Southwest Nova Scotia. ... seafood management. We ...,bmcseafoods.com,,general_search,seafood distributor OR restaurant supplier OR wholesale seafood buyer site:.com,us
Mazzetta Company,seafood distributor OR restaurant supplier OR wholesale seafood buyer site:.com,https://www.mazzetta.com/,Mazzetta Company | The Worlds Finest Frozen Seafood,"Mazzetta Company, LLC is a fully integrated importer, distributor, and producer of fine, frozen seafood for the foodservice, grocery and broadliner market.",mazzetta.com,,general_search,seafood distributor OR restaurant supplier OR wholesale seafood buyer site:.com,us
Stavis Seafoods: Home,seafood distributor OR restaurant supplier OR wholesale seafood buyer site:.com,https://www.stavis.com/,Stavis Seafoods: Home,"Using our industry experience, worldwide reach, and vast seafood knowledge, we inform our customers about all aspects of their seafood options. We are ...",stavis.com,,general_search,seafood distributor OR restaurant supplier OR wholesale seafood buyer site:.com,us
"Premium Quality, Sustainable Frozen Seafood Supplier, Exporter ...",seafood distributor OR restaurant supplier OR wholesale seafood buyer site:.com,http://www.tradexfoods.com/frozen-seafood-supplier,"Premium Quality, Sustainable Frozen Seafood Supplier, Exporter ...","Tradex Foods is proud to work with foodservice suppliers, distributors, retailers and restaurant chains - supplying them with Commodity, H&G, Value-added and ...",tradexfoods.com,,general_search,seafood distributor OR restaurant supplier OR wholesale seafood buyer site:.com,us
